rsids,Chrom,Pos,effectAllele,otherAllele,ImpMAF,meta_beta,meta_se,meta_Pvalue,Tag,Counted_allele_in_regression,Poshg19,N
rs10198416,2,69144502,G,A,0.24313,0.0047922458580788,0.0080306274223473,0.550676887110659,meta,G,69371634,42378
rs62134411,2,69144724,G,A,0.12575,-0.0103883041316265,0.010824397509147,0.337200184468169,meta,G,69371856,42378
rs62134412,2,69146520,A,G,0.12568,-0.0111190016346008,0.0108295805865972,0.304549951825025,meta,A,69373652,42378
rs112399590,2,69146859,T,C,0.09013,0.0355861546075377,0.0128102990669894,0.0054705869713806,meta,T,69373991,42378
rs12464261,2,69147318,T,C,0.45435,0.0331299242383568,0.0072099543136216,4.326962605269e-06,meta,T,69374450,42378
rs59930423,2,69147866,A,G,0.05871,0.0284736107484306,0.0155392668702119,0.0668970396651251,meta,A,69374998,42378
rs113606936,2,69148611,A,G,0.05075,-0.125879431431485,0.0173569575867766,4.0947976552639996e-13,meta,A,69375743,42378
rs4854550,2,69149083,T,G,0.36397,0.0383101249978233,0.0074599020368195,2.81435383991631e-07,meta,T,69376215,42378
rs9989781,2,69149937,A,G,0.0376,0.0345883333092397,0.0188767412897843,0.0669029489234085,meta,A,69377069,42378
rs74630696,2,69149964,G,C,0.03757,0.0348066963321268,0.0189094457575736,0.0656649172975593,meta,G,69377096,42378
rs4854551,2,69149969,A,G,0.36312,0.0415371682668784,0.00745011392184,2.46999237944549e-08,meta,A,69377101,42378
rs56216132,2,69150166,A,C,0.0376,0.0341619679127492,0.0188630895674326,0.0701333621001853,meta,A,69377298,42378
rs6708226,2,69150473,A,G,0.44435,0.0327450230028431,0.00722767877828,5.88433183617634e-06,meta,A,69377605,42378
rs72901341,2,69150724,C,T,0.03797,0.0380608929618133,0.0186335897592086,0.0410924630741744,meta,C,69377856,42378
rs6711815,2,69150938,C,G,0.12044,0.0020118844817754,0.0108914595312974,0.853447644580387,meta,C,69378070,42378
rs34590960,2,69152482,A,G,0.41295,0.0537775927515868,0.0073118404124541,1.91121424089388e-13,meta,A,69379614,42378
rs77139852,2,69152948,C,T,0.08253,0.0342356386065871,0.0132051630688711,0.0095254893382271,meta,C,69380080,42378
rs138685002,2,69153298,T,A,0.00838,0.0195081971853905,0.0365232081167102,0.593250533801798,meta,T,69380430,42378
rs9808255,2,69153747,A,G,0.12444,0.0375266924690007,0.0108743110999244,0.0005586192226352,meta,A,69380879,42378
rs6739353,2,69154402,C,T,0.44636,0.0584602321003116,0.0072366444825247,6.56426273160793e-16,meta,C,69381534,42378
rs13423578,2,69154421,C,T,0.1245,0.0371091770590654,0.0108809638942739,0.000648515398988,meta,C,69381553,42378
rs13384676,2,69154437,G,A,0.41082,0.0530186761662365,0.0073041127338077,3.90704393295817e-13,meta,G,69381569,42378
rs55729305,2,69155281,A,G,0.1252,-0.0051975948006554,0.0108279934150264,0.631217019876056,meta,A,69382413,42378
rs7578307,2,69155282,T,C,0.12211,0.0448926469081285,0.011061002252116,4.935894230714e-05,meta,T,69382414,42378
rs68076247,2,69156509,C,G,0.28736,0.0415032583544984,0.0078784136090114,1.37939516102961e-07,meta,C,69383641,42378
rs12105268,2,69156975,C,A,0.44794,0.0598087415843434,0.0072285278555306,1.29552884112741e-16,meta,C,69384107,42378
rs12713673,2,69157529,C,T,0.44791,0.0601579451381877,0.0072270486807464,8.50444091852964e-17,meta,C,69384661,42378
rs76847114,2,69157710,C,T,0.00489,0.0526737696595054,0.0435626920398502,0.226605746839988,meta,C,69384842,42378
rs72827667,2,69158686,C,T,0.10112,0.0653635102791011,0.0119639731330235,4.6720179333386e-08,meta,C,69385818,42378
rs10170227,2,69158789,A,G,0.41219,0.0546078530141784,0.00730416983571,7.646917124809141e-14,meta,A,69385921,42378
rs10173677,2,69159907,A,G,0.41223,0.0545234397455531,0.0073040471089411,8.34098485451725e-14,meta,A,69387039,42378
rs10176087,2,69159944,A,G,0.41222,0.0545963924856642,0.0073113551000807,8.183059519549881e-14,meta,A,69387076,42378
rs10199529,2,69160124,C,A,0.44794,0.0600540593107709,0.0072276041897111,9.65236134381093e-17,meta,C,69387256,42378
rs11679348,2,69160435,C,G,0.2875,0.041300954532307,0.0078852955274082,1.62574191259882e-07,meta,C,69387567,42378
rs10176712,2,69160547,A,G,0.41222,0.0544965917268634,0.0073028547005399,8.49809149404193e-14,meta,A,69387679,42378
rs144922784,2,69160790,G,A,0.01385,0.0375501351826154,0.0313916220547518,0.231625022418804,meta,G,69387922,42378
rs74502609,2,69161893,C,G,0.02827,0.0225745013431326,0.022715261041553,0.320318640100892,meta,C,69389025,42378
rs4361162,2,69162200,G,T,0.4477,0.0598627942645769,0.0072361107651023,1.30864701250753e-16,meta,G,69389332,42378
rs35451527,2,69162434,T,A,0.44766,0.0596415924982221,0.0072314365829021,1.61682770418978e-16,meta,T,69389566,42378
rs62134416,2,69162625,A,T,0.44469,0.0592360831632616,0.0072391474015959,2.7745434875971197e-16,meta,A,69389757,42378
rs59195633,2,69163160,A,G,0.12175,0.042805115192859,0.0110864846435705,0.0001129156492132,meta,A,69390292,42378
rs62134899,2,69163382,T,C,0.03554,0.0475892386985576,0.0196810470795456,0.0156050594750026,meta,T,69390514,42378
rs72827676,2,69163486,T,A,0.32296,0.0453101562478628,0.0076441719014049,3.07746173332757e-09,meta,T,69390618,42378
rs12989078,2,69164180,G,A,0.32296,0.0450228547410405,0.0076452603185761,3.8856505319198306e-09,meta,G,69391312,42378
rs13016276,2,69164389,G,T,0.32294,0.0448242164029333,0.0076451016932804,4.54225429476495e-09,meta,G,69391521,42378
rs4488696,2,69164985,G,A,0.12176,0.0435734016799468,0.011091140619089,8.54179099764127e-05,meta,G,69392117,42378
rs4602255,2,69164996,A,G,0.4477,0.059611835870921,0.007233310537486,1.70358607266016e-16,meta,A,69392128,42378
rs11686988,2,69165137,T,C,0.12175,0.0433479801695472,0.0110953778166931,9.35070441973733e-05,meta,T,69392269,42378
rs11675849,2,69165138,G,A,0.12176,0.0435772344996212,0.0110933840604891,8.55775070884267e-05,meta,G,69392270,42378
rs34149604,2,69165209,T,C,0.32544,0.0453390032208274,0.0076273376064081,2.77680653522018e-09,meta,T,69392341,42378
rs11126220,2,69165487,C,T,0.4477,0.0596482620542131,0.0072306154627724,1.5918754390603e-16,meta,C,69392619,42378
rs55943300,2,69165539,A,G,0.12176,0.0435842175946154,0.0110937397721307,8.53985538965527e-05,meta,A,69392671,42378
rs58354464,2,69165635,C,T,0.12475,0.0477855413399302,0.0109652249926001,1.31306106542026e-05,meta,C,69392767,42378
rs58000656,2,69165668,G,A,0.12176,0.0435842175946154,0.0110937397721307,8.53985538965527e-05,meta,G,69392800,42378
rs9677506,2,69166053,G,A,0.44782,0.0597433520818625,0.0072305117684296,1.42446447344204e-16,meta,G,69393185,42378
rs9677512,2,69166133,G,A,0.12174,0.043272506892291,0.0110961064091397,9.62753662961385e-05,meta,G,69393265,42378
rs12620093,2,69166581,A,G,0.12174,0.0432530722822504,0.0110878945164438,9.58248605151579e-05,meta,A,69393713,42378
rs7565538,2,69167716,T,C,0.41392,0.0584239263350796,0.0073294858195311,1.5729216396276701e-15,meta,T,69394848,42378
rs7565651,2,69167804,T,C,0.43875,0.0594110398907004,0.0072916280910777,3.70473323023394e-16,meta,T,69394936,42378
rs7582833,2,69168247,C,T,0.42472,0.0613350263452688,0.0072874709218992,3.87886599035393e-17,meta,C,69395379,42378
rs13429910,2,69168318,T,A,0.44748,0.0622704221838803,0.0072626740350299,9.99209429864447e-18,meta,T,69395450,42378
rs10188804,2,69169255,A,G,0.42726,0.0576559759773597,0.0072921692019811,2.645980251233e-15,meta,A,69396387,42378
rs6722157,2,69169365,G,C,0.42725,0.0577002086459773,0.0072918715836216,2.51362157767068e-15,meta,G,69396497,42378
rs74936289,2,69169562,A,T,0.02684,0.0389646885971945,0.0230704185193552,0.091229799426643,meta,A,69396694,42378
rs7599536,2,69169821,G,A,0.12339,0.0448323412157877,0.011011616677133,4.67378912024739e-05,meta,G,69396953,42378
rs11674190,2,69169872,G,A,0.30127,0.0419343124522301,0.0078300420032222,8.52886617692147e-08,meta,G,69397004,42378
rs10191848,2,69170025,A,G,0.30419,0.0427481558807792,0.0077999897114985,4.24029551263503e-08,meta,A,69397157,42378
rs4299364,2,69171131,A,G,0.29438,0.0419740516361609,0.0078910418392995,1.04222926883168e-07,meta,A,69398263,42378
rs142768308,2,69171399,T,C,0.01617,-0.0406204358283203,0.0285313138630919,0.154529230200527,meta,T,69398531,42378
rs140854919,2,69171879,C,T,0.00551,-0.0137434702015681,0.0443957567154261,0.756890100588768,meta,C,69399011,42378
rs79958708,2,69172864,G,C,0.01257,0.0170614834633289,0.0324301370524549,0.598818978037918,meta,G,69399996,42378
rs192596036,2,69174016,C,T,0.01681,0.0429336304392984,0.0290285750597576,0.139136927354087,meta,C,69401148,42378
rs7565117,2,69174682,G,A,0.1259,0.0467944000710291,0.0109376403299578,1.88334334551113e-05,meta,G,69401814,42378
rs6546484,2,69174893,T,C,0.43728,0.0445207809685192,0.0072515614074606,8.27945807303462e-10,meta,T,69402025,42378
rs139065872,2,69175026,G,C,0.02452,0.019557168850481,0.0242998376996564,0.42091943849569,meta,G,69402158,42378
rs34081493,2,69176750,T,G,0.29426,0.0428531149904388,0.0079036807155446,5.89626694618473e-08,meta,T,69403882,42378
rs10221913,2,69179747,A,G,0.46959,0.0297125476097499,0.0072278083764415,3.94178890402943e-05,meta,A,69406879,42378
rs11126221,2,69180600,C,T,0.47077,0.0397446605533799,0.0072257005326002,3.78806500192938e-08,meta,C,69407732,42378
rs11126222,2,69180820,G,A,0.4898,0.0341930351615841,0.0072349974247942,2.28917531278185e-06,meta,G,69407952,42378
rs11126223,2,69180913,A,G,0.48817,0.0338051952003577,0.0072372246794004,2.99712999760412e-06,meta,A,69408045,42378
rs6749826,2,69181897,A,C,0.46495,0.0283970609620538,0.007245398621866,8.87978677652791e-05,meta,A,69409029,42378
rs6752908,2,69182090,T,C,0.46662,0.0288067572906695,0.0072390317207675,6.90992701928285e-05,meta,T,69409222,42378
rs6724204,2,69182133,G,A,0.46718,0.0294391706795653,0.0072397500193404,4.77604837679589e-05,meta,G,69409265,42378
rs10182789,2,69183193,G,T,0.14297,0.0660712017323878,0.0105860264114369,4.33782607228804e-10,meta,G,69410325,42378
rs6757464,2,69183301,C,G,0.49132,0.0353569534791602,0.0072017312563374,9.13054168951087e-07,meta,C,69410433,42378
rs6757265,2,69183324,T,C,0.49407,0.0347785586503757,0.0072098673559338,1.40887808929146e-06,meta,T,69410456,42378
rs10183190,2,69183616,C,T,0.4939,0.0343817415777401,0.007202544601619,1.81002240357807e-06,meta,C,69410748,42378
rs6732795,2,69184385,C,A,0.40956,0.0221286244917009,0.0073607631954266,0.0026445243154712,meta,C,69411517,42378
rs12713674,2,69184891,T,C,0.38638,0.0171066108572909,0.0074173403934175,0.0210938848754498,meta,T,69412023,42378
rs180766073,2,69185322,G,C,0.00864,0.106961819623743,0.0378231102823642,0.0046847297254716,meta,G,69412454,42378
rs11126225,2,69186028,T,C,0.42267,0.0242260439016726,0.0073152842954565,0.0009273016370108,meta,T,69413160,42378
rs6546485,2,69186613,G,A,0.45612,0.0282968025407518,0.0072387848639044,9.2658166752686e-05,meta,G,69413745,42378
rs6546486,2,69186760,T,A,0.45307,0.0279141489920595,0.0072426563485687,0.0001161412284103,meta,T,69413892,42378
rs138379978,2,69187154,A,G,0.00476,0.0342198569338781,0.0463690213211367,0.460520750156889,meta,A,69414286,42378
rs6546487,2,69187201,A,G,0.38896,0.0169268150171813,0.0074050617681619,0.0222633944093429,meta,A,69414333,42378
rs10189815,2,69187364,G,A,0.43161,0.0230114078048778,0.0072666604610491,0.0015417387710663,meta,G,69414496,42378
rs113340282,2,69187804,G,T,0.02173,0.0420283588593046,0.0252238413794993,0.0956704731315755,meta,G,69414936,42378
rs6760529,2,69189510,A,G,0.38888,0.0154130638395529,0.0074103581150803,0.0375314873710427,meta,A,69416642,42378
rs116212059,2,69190211,A,G,0.02367,0.0496626776317483,0.0244613533776659,0.0423310717447799,meta,A,69417343,42378
rs12621949,2,69191460,T,A,0.40096,0.0119208349572154,0.0073228572434628,0.103547375821862,meta,T,69418592,42378
rs149300234,2,69193314,C,G,0.00884,-0.0120234903280475,0.0351634177107672,0.732402225728083,meta,C,69420446,42378
rs7591558,2,69195497,C,T,0.43783,-0.0021945565103141,0.0072678443329087,0.762686936484212,meta,C,69422629,42378
rs11693256,2,69195775,G,T,0.01292,0.101004741398359,0.0321930691730491,0.0017041356726119,meta,G,69422907,42378
rs62134901,2,69196555,T,C,0.30311,0.0168523641466717,0.0078030845572702,0.0307954800093077,meta,T,69423687,42378
rs7572736,2,69199383,A,G,0.42806,0.0083741053111241,0.0072546792368994,0.248375554390748,meta,A,69426515,42378
rs7599070,2,69199463,G,A,0.42796,0.0082248727817921,0.0072349203183709,0.255609456801997,meta,G,69426595,42378
rs7606925,2,69201833,G,A,0.40728,0.0148362428747689,0.007317305637805,0.0426056404404448,meta,G,69428965,42378
rs62134902,2,69202162,A,G,0.19241,0.0004497750946023,0.00924580224613,0.961201083222881,meta,A,69429294,42378
rs72827692,2,69202503,G,T,0.19432,0.001436051633218,0.0092315143941889,0.876380090873479,meta,G,69429635,42378
rs4491753,2,69203564,C,T,0.42768,0.0084215336096148,0.0072696688140161,0.246681243108477,meta,C,69430696,42378
rs7591126,2,69204042,A,G,0.42799,0.0085033542252098,0.0072602246196679,0.241508479239808,meta,A,69431174,42378
rs7564412,2,69204137,G,A,0.42637,0.0091008945803658,0.0072773219253463,0.211086681424765,meta,G,69431269,42378
rs10171074,2,69204846,C,T,0.40532,0.0158422162950017,0.0073185962291081,0.0304143211617737,meta,C,69431978,42378
rs4581932,2,69206548,T,G,0.42895,0.0082664682751018,0.0072534471050868,0.254427705098385,meta,T,69433680,42378
rs12474538,2,69207095,A,C,0.19198,0.0002645756661337,0.0092370151786583,0.977149330882271,meta,A,69434227,42378
rs34820790,2,69207355,G,C,0.3787,0.0084456151847376,0.0074276799420093,0.255518976512349,meta,G,69434487,42378
rs11126226,2,69208111,T,C,0.19359,0.001269902208372,0.0092149243197136,0.890391139446723,meta,T,69435243,42378
rs6546489,2,69209428,G,A,0.4041,0.0144739909937342,0.0073135068939249,0.0478073728155709,meta,G,69436560,42378
rs13021189,2,69209789,G,A,0.39972,0.0139776056070403,0.0073536017252432,0.0573303622172998,meta,G,69436921,42378
rs4464317,2,69210159,T,C,0.3997,0.0139580761153027,0.0073614829279805,0.0579473912781276,meta,T,69437291,42378
rs4384823,2,69210343,T,C,0.39708,0.014041878155633,0.0073586169005333,0.0563624679427126,meta,T,69437475,42378
rs11126227,2,69211565,A,G,0.40076,0.0144076670745463,0.0073820056536183,0.0509705073497283,meta,A,69438697,42378
rs11684554,2,69211731,G,A,0.40376,0.0152666052864654,0.0073725633020268,0.038383815880884,meta,G,69438863,42378
rs13035541,2,69211856,G,A,0.40376,0.015285042280808,0.0073668484106632,0.0380012335662751,meta,G,69438988,42378
rs72827696,2,69212236,A,G,0.1109,0.0007136013818099,0.0115760486167769,0.950845824723116,meta,A,69439368,42378
rs72903127,2,69212806,G,C,0.01357,-0.0196718541561554,0.0299883541023673,0.511834983722131,meta,G,69439938,42378
rs75906458,2,69212859,G,A,0.01357,-0.0184519819900704,0.0300155656552322,0.538721748456562,meta,G,69439991,42378
rs75165381,2,69213496,T,C,0.01356,-0.0156304755263489,0.0301815919719979,0.60454124158093,meta,T,69440628,42378
rs72903129,2,69213819,T,C,0.01398,-0.0185888238128641,0.0294193542512576,0.527480348053128,meta,T,69440951,42378
rs4854547,2,69115401,C,T,0.37598,0.0316,0.008222,0.0001214,pQTL_cis_NG,C,69342533,35165
rs55746564,2,69115611,G,T,0.36105,-0.0225,0.008304,0.006739,pQTL_cis_NG,G,69342743,35165
rs13397348,2,69115652,A,G,0.07665,-0.0201,0.014969,0.179343,pQTL_cis_NG,A,69342784,35165
rs56080683,2,69115742,G,C,0.36838,-0.0207,0.008306,0.012699,pQTL_cis_NG,G,69342874,35165
rs55981803,2,69115743,A,C,0.36838,-0.0207,0.008306,0.012698,pQTL_cis_NG,A,69342875,35165
rs6710147,2,69115838,A,G,0.18825,0.0522,0.010234,3.381e-07,pQTL_cis_NG,A,69342970,35165
rs762236683,2,69115932,T,C,0.00043,0.0059,0.179309,0.973751,pQTL_cis_NG,T,69343064,35165
rs7564112,2,69116017,T,C,0.11835,0.037,0.012353,0.002742,pQTL_cis_NG,T,69343149,35165
rs190539257,2,69116191,C,A,0.00136,0.1242,0.103274,0.229122,pQTL_cis_NG,C,69343323,35165
rs138328001,2,69116241,T,C,0.02518,0.0469,0.025626,0.067228,pQTL_cis_NG,T,69343373,35165
rs11681799,2,69116652,G,C,0.08138,-0.0088,0.014711,0.549724,pQTL_cis_NG,G,69343784,35165
rs59689988,2,69116832,A,G,0.08655,0.0014,0.014533,0.923256,pQTL_cis_NG,A,69343964,35165
rs62133515,2,69117120,C,G,0.10001,0.0328,0.013219,0.013091,pQTL_cis_NG,C,69344252,35165
rs72827647,2,69117121,C,A,0.08927,0.0022,0.014272,0.877493,pQTL_cis_NG,C,69344253,35165
rs573930943,2,69117197,T,C,0.00157,0.0777,0.088485,0.37988,pQTL_cis_NG,T,69344329,35165
rs542809380,2,69117234,A,C,0.00016,-0.1718,0.352818,0.626303,pQTL_cis_NG,A,69344366,35165
rs13384913,2,69117265,T,C,0.22352,0.0257,0.009605,0.007455,pQTL_cis_NG,T,69344397,35165
rs13410464,2,69117404,G,A,0.14382,0.0211,0.011366,0.063396,pQTL_cis_NG,G,69344536,35165
rs11884750,2,69117462,G,C,0.23413,0.016,0.00946,0.090765,pQTL_cis_NG,G,69344594,35165
rs66734003,2,69117808,C,T,0.07124,0.0253,0.015506,0.102759,pQTL_cis_NG,C,69344940,35165
rs12618656,2,69117924,C,A,0.04483,-0.0117,0.019217,0.54264,pQTL_cis_NG,C,69345056,35165
rs751188316,2,69117958,T,C,0.00011,0.3728,0.400215,0.351595,pQTL_cis_NG,T,69345090,35165
rs11687437,2,69118036,G,A,0.49821,-0.0182,0.007958,0.022191,pQTL_cis_NG,G,69345168,35165
rs11676352,2,69118111,T,C,0.30306,0.0443,0.008651,3.044e-07,pQTL_cis_NG,T,69345243,35165
rs747658889,2,69118144,G,C,0.00025,0.396,0.305659,0.195126,pQTL_cis_NG,G,69345276,35165
rs770229361,2,69118231,A,G,0.00098,-0.323,0.140122,0.021159,pQTL_cis_NG,A,69345363,35165
rs72827649,2,69118334,A,G,0.05114,0.0336,0.01801,0.062092,pQTL_cis_NG,A,69345466,35165
rs74521447,2,69118339,A,G,0.062,0.0355,0.016675,0.033261,pQTL_cis_NG,A,69345471,35165
rs536706453,2,69118636,A,G,0.00566,-0.2614,0.053093,8.505e-07,pQTL_cis_NG,A,69345768,35165
rs72827650,2,69118724,A,G,0.00703,0.1504,0.047593,0.001577,pQTL_cis_NG,A,69345856,35165
rs530560911,2,69118893,T,G,0.0019,0.0453,0.086158,0.599044,pQTL_cis_NG,T,69346025,35165
rs764048310,2,69118943,A,C,0.0007,0.1871,0.142072,0.187858,pQTL_cis_NG,A,69346075,35165
rs750450648,2,69118957,C,G,0.00121,0.1398,0.115722,0.22702,pQTL_cis_NG,C,69346089,35165
rs189472281,2,69119004,A,G,0.00026,0.1273,0.212136,0.548448,pQTL_cis_NG,A,69346136,35165
rs6760880,2,69119023,T,C,0.12454,-0.021,0.012155,0.084033,pQTL_cis_NG,T,69346155,35165
rs6761108,2,69119144,T,C,0.12454,-0.021,0.012145,0.083783,pQTL_cis_NG,T,69346276,35165
rs116024256,2,69119227,T,G,0.08609,0.0327,0.014353,0.02271,pQTL_cis_NG,T,69346359,35165
rs747737225,2,69119276,T,C,0.00073,-0.2841,0.151347,0.060499,pQTL_cis_NG,T,69346408,35165
rs13006289,2,69119277,A,G,0.18619,0.053,0.010202,2.049e-07,pQTL_cis_NG,A,69346409,35165
rs6761275,2,69119306,T,C,0.12457,-0.021,0.012128,0.083357,pQTL_cis_NG,T,69346438,35165
rs77754751,2,69119388,G,A,0.0861,0.0327,0.014381,0.022977,pQTL_cis_NG,G,69346520,35165
rs62134398,2,69119707,A,G,0.21065,0.0017,0.009861,0.863122,pQTL_cis_NG,A,69346839,35165
rs775821514,2,69120005,A,G,0.00094,0.2617,0.126425,0.038452,pQTL_cis_NG,A,69347137,35165
rs77799520,2,69120067,G,A,0.08508,0.0361,0.014456,0.012514,pQTL_cis_NG,G,69347199,35165
rs62134399,2,69120112,G,A,0.20972,0.0031,0.009844,0.75284,pQTL_cis_NG,G,69347244,35165
rs4319965,2,69120509,A,T,0.20964,0.0031,0.009819,0.75221,pQTL_cis_NG,A,69347641,35165
rs4303745,2,69120529,G,C,0.20972,0.0032,0.009706,0.741642,pQTL_cis_NG,G,69347661,35165
rs12475838,2,69120699,C,A,0.12455,-0.021,0.012141,0.0837,pQTL_cis_NG,C,69347831,35165
rs4477955,2,69120711,G,A,0.20967,0.003,0.009941,0.762826,pQTL_cis_NG,G,69347843,35165
rs535297182,2,69120750,T,C,0.00063,-0.2948,0.162567,0.06977,pQTL_cis_NG,T,69347882,35165
rs74645017,2,69120910,T,C,0.0099,0.0418,0.040055,0.296686,pQTL_cis_NG,T,69348042,35165
rs4321401,2,69121084,C,T,0.49326,0.0474,0.007977,2.81e-09,pQTL_cis_NG,C,69348216,35165
rs35027543,2,69121221,A,G,0.06415,0.0192,0.016225,0.236677,pQTL_cis_NG,A,69348353,35165
rs769244829,2,69121323,T,C,0.00045,0.1542,0.191314,0.420241,pQTL_cis_NG,T,69348455,35165
rs112020744,2,69121359,T,C,0.02488,0.0165,0.025991,0.525533,pQTL_cis_NG,T,69348491,35165
rs62134400,2,69121392,G,A,0.12454,-0.0211,0.01217,0.082957,pQTL_cis_NG,G,69348524,35165
rs10181076,2,69121753,A,G,0.20967,0.0029,0.009711,0.765229,pQTL_cis_NG,A,69348885,35165
rs776878886,2,69122068,G,A,0.00101,0.2125,0.125434,0.090244,pQTL_cis_NG,G,69349200,35165
rs13026824,2,69122087,C,G,0.49701,0.0472,0.007969,3.161e-09,pQTL_cis_NG,C,69349219,35165
rs60378387,2,69122159,A,C,0.12459,-0.0207,0.012158,0.088647,pQTL_cis_NG,A,69349291,35165
rs57847890,2,69122169,G,A,0.12459,-0.0207,0.012158,0.088634,pQTL_cis_NG,G,69349301,35165
rs80168178,2,69122254,A,C,0.08511,0.0365,0.014436,0.01146,pQTL_cis_NG,A,69349386,35165
rs60889755,2,69122264,T,G,0.12459,-0.0207,0.012142,0.088233,pQTL_cis_NG,T,69349396,35165
rs78385502,2,69122387,A,C,0.08511,0.0365,0.014439,0.011477,pQTL_cis_NG,A,69349519,35165
rs566232626,2,69122496,G,A,0.01,0.0257,0.040479,0.525493,pQTL_cis_NG,G,69349628,35165
rs568503059,2,69122772,A,G,0.00153,-0.0272,0.107461,0.800179,pQTL_cis_NG,A,69349904,35165
rs537421135,2,69122859,T,C,0.00068,0.0295,0.154847,0.848909,pQTL_cis_NG,T,69349991,35165
rs77890195,2,69123211,A,G,0.05828,0.0316,0.017159,0.065526,pQTL_cis_NG,A,69350343,35165
rs145700314,2,69123251,C,T,0.00593,0.076,0.051944,0.143437,pQTL_cis_NG,C,69350383,35165
rs7584948,2,69123299,G,T,0.17893,-0.0077,0.01044,0.460799,pQTL_cis_NG,G,69350431,35165
rs373893405,2,69123463,A,G,0.00037,-0.0255,0.22084,0.908074,pQTL_cis_NG,A,69350595,35165
rs142868901,2,69123484,T,C,0.01461,0.021,0.032775,0.521697,pQTL_cis_NG,T,69350616,35165
rs13410029,2,69123938,A,G,0.17896,-0.0075,0.010424,0.47182,pQTL_cis_NG,A,69351070,35165
rs541754883,2,69124019,C,T,0.00146,0.1624,0.11022,0.140637,pQTL_cis_NG,C,69351151,35165
rs112183927,2,69124202,C,T,0.0015,-0.3942,0.101195,9.801e-05,pQTL_cis_NG,C,69351334,35165
rs763844512,2,69124264,C,A,0.00014,0.3323,0.293632,0.257766,pQTL_cis_NG,C,69351396,35165
rs75580794,2,69124409,G,A,0.0532,0.026,0.017869,0.14567,pQTL_cis_NG,G,69351541,35165
rs78702803,2,69124485,A,G,0.09724,0.0089,0.013481,0.509135,pQTL_cis_NG,A,69351617,35165
rs11126217,2,69124489,A,T,0.24313,0.0003,0.00857,0.972075,pQTL_cis_NG,A,69351621,35165
rs202202590,2,69124522,C,T,0.00477,0.1014,0.060858,0.095678,pQTL_cis_NG,C,69351654,35165
rs76576396,2,69124831,A,G,0.05808,0.0252,0.017152,0.141769,pQTL_cis_NG,A,69351963,35165
rs780371825,2,69124913,A,G,0.00449,0.1909,0.060014,0.001468,pQTL_cis_NG,A,69352045,35165
rs62134403,2,69125017,T,C,0.01163,0.004,0.037614,0.915309,pQTL_cis_NG,T,69352149,35165
rs11693455,2,69125169,A,T,0.05926,0.0193,0.01674,0.24894,pQTL_cis_NG,A,69352301,35165
rs781690041,2,69125204,G,A,0.00068,0.4142,0.16066,0.009934,pQTL_cis_NG,G,69352336,35165
rs75546827,2,69125280,A,G,0.05808,0.0252,0.017153,0.141787,pQTL_cis_NG,A,69352412,35165
rs11126218,2,69125355,T,G,0.18386,-0.0067,0.010256,0.513592,pQTL_cis_NG,T,69352487,35165
rs6743865,2,69125669,C,T,0.24313,0.0003,0.008562,0.97205,pQTL_cis_NG,C,69352801,35165
rs189830370,2,69125709,T,C,0.00088,-0.022,0.14535,0.879693,pQTL_cis_NG,T,69352841,35165
rs760600575,2,69125734,G,A,0.00166,0.0837,0.106496,0.4319,pQTL_cis_NG,G,69352866,35165
rs6760455,2,69125946,G,A,0.24319,0.0004,0.008699,0.963323,pQTL_cis_NG,G,69353078,35165
rs776350230,2,69126146,A,C,0.00012,0.7433,0.335902,0.026908,pQTL_cis_NG,A,69353278,35165
rs186194397,2,69126245,C,G,0.00011,0.3632,0.611166,0.552329,pQTL_cis_NG,C,69353377,35165
rs761458398,2,69126251,T,C,0.00361,-0.0298,0.070081,0.670675,pQTL_cis_NG,T,69353383,35165
rs12466435,2,69126523,G,A,0.12581,-0.0218,0.012072,0.070941,pQTL_cis_NG,G,69353655,35165
rs58808189,2,69126809,C,G,0.05808,0.0252,0.017152,0.141772,pQTL_cis_NG,C,69353941,35165
rs11678193,2,69126850,T,A,0.01289,0.0988,0.036593,0.006935,pQTL_cis_NG,T,69353982,35165
rs13415105,2,69127057,A,T,0.18391,-0.0069,0.010375,0.505995,pQTL_cis_NG,A,69354189,35165
rs183319533,2,69127075,T,C,0.00052,-0.1108,0.171272,0.517682,pQTL_cis_NG,T,69354207,35165
rs781702516,2,69127333,C,T,0.001,0.1942,0.11969,0.10469,pQTL_cis_NG,C,69354465,35165
rs144099553,2,69127375,G,A,0.0019,0.1231,0.094577,0.193056,pQTL_cis_NG,G,69354507,35165
rs114398808,2,69127494,A,T,0.00083,-0.035,0.138921,0.801086,pQTL_cis_NG,A,69354626,35165
rs749504405,2,69127555,A,T,0.00049,-0.4007,0.174127,0.021381,pQTL_cis_NG,A,69354687,35165
rs4358156,2,69127568,C,T,0.49119,0.049,0.007958,7.403e-10,pQTL_cis_NG,C,69354700,35165
rs11902581,2,69127764,C,A,0.18386,-0.0068,0.010274,0.508064,pQTL_cis_NG,C,69354896,35165
rs11892143,2,69127819,A,G,0.18386,-0.0068,0.010274,0.508064,pQTL_cis_NG,A,69354951,35165
rs141825553,2,69127832,T,G,0.00152,0.2451,0.098704,0.013021,pQTL_cis_NG,T,69354964,35165
rs776438580,2,69128083,C,G,0.00059,-0.1837,0.161512,0.255381,pQTL_cis_NG,C,69355215,35165
rs150619142,2,69128101,C,G,0.05809,0.0256,0.017121,0.134852,pQTL_cis_NG,C,69355233,35165
rs539205632,2,69128212,A,G,0.00045,0.1533,0.191352,0.423051,pQTL_cis_NG,A,69355344,35165
rs140749480,2,69128274,G,A,0.00137,-0.169,0.115366,0.142948,pQTL_cis_NG,G,69355406,35165
rs78941740,2,69128379,G,C,0.05808,0.0252,0.017152,0.141766,pQTL_cis_NG,G,69355511,35165
rs147495962,2,69128515,A,G,0.02107,0.051,0.02771,0.065695,pQTL_cis_NG,A,69355647,35165
rs751058293,2,69128640,T,C,0.00108,0.1027,0.119325,0.389417,pQTL_cis_NG,T,69355772,35165
rs13419507,2,69128739,G,T,0.24321,0.0003,0.009215,0.974028,pQTL_cis_NG,G,69355871,35165
rs188324848,2,69129024,T,C,0.00511,0.1529,0.056468,0.006775,pQTL_cis_NG,T,69356156,35165
rs770305849,2,69129364,C,A,0.00011,0.0105,0.461775,0.981859,pQTL_cis_NG,C,69356496,35165
rs35233386,2,69129466,G,A,0.05926,0.0194,0.016799,0.248157,pQTL_cis_NG,G,69356598,35165
rs10166193,2,69129817,G,A,0.12586,-0.0221,0.012105,0.06789,pQTL_cis_NG,G,69356949,35165
rs11685794,2,69129904,A,G,0.11735,0.0239,0.012376,0.053461,pQTL_cis_NG,A,69357036,35165
rs534887762,2,69130031,C,T,0.00489,0.0925,0.057802,0.109534,pQTL_cis_NG,C,69357163,35165
rs62134405,2,69130152,C,G,0.12584,-0.0221,0.012104,0.067879,pQTL_cis_NG,C,69357284,35165
rs781153712,2,69130378,A,G,0.00061,-0.1218,0.171462,0.477481,pQTL_cis_NG,A,69357510,35165
rs748043541,2,69130434,G,A,0.00202,-0.0514,0.087266,0.555857,pQTL_cis_NG,G,69357566,35165
rs568993436,2,69130677,T,C,0.00137,0.1272,0.10052,0.205721,pQTL_cis_NG,T,69357809,35165
rs78705119,2,69130707,G,T,0.05808,0.0252,0.017161,0.14199,pQTL_cis_NG,G,69357839,35165
rs12473178,2,69130762,T,C,0.24312,0.0,0.008165,1.0,pQTL_cis_NG,T,69357894,35165
rs538834085,2,69130822,T,C,0.00061,0.12,0.149055,0.420777,pQTL_cis_NG,T,69357954,35165
rs759069306,2,69131165,G,T,0.00048,-0.5695,0.183305,0.001891,pQTL_cis_NG,G,69358297,35165
rs77354233,2,69131177,A,C,0.00081,-0.035,0.139,0.801197,pQTL_cis_NG,A,69358309,35165
rs11897924,2,69131180,T,C,0.11731,0.0234,0.012372,0.058577,pQTL_cis_NG,T,69358312,35165
rs58240054,2,69131263,C,T,0.11731,0.0236,0.012351,0.056039,pQTL_cis_NG,C,69358395,35165
rs764379833,2,69131275,T,G,0.00045,-0.0906,0.181618,0.617886,pQTL_cis_NG,T,69358407,35165
rs11903437,2,69131344,C,T,0.1173,0.0236,0.012356,0.056138,pQTL_cis_NG,C,69358476,35165
rs544781528,2,69131370,G,T,0.00013,0.6255,0.351673,0.075299,pQTL_cis_NG,G,69358502,35165
rs537949970,2,69131461,T,C,0.00051,0.3951,0.210809,0.060902,pQTL_cis_NG,T,69358593,35165
rs10172679,2,69131502,G,A,0.24309,0.0002,0.010734,0.985134,pQTL_cis_NG,G,69358634,35165
rs758508658,2,69131558,C,T,0.00118,-0.1629,0.112904,0.149073,pQTL_cis_NG,C,69358690,35165
rs775420620,2,69131607,A,G,0.00041,-0.0256,0.216751,0.905982,pQTL_cis_NG,A,69358739,35165
rs62134406,2,69131639,T,C,0.12574,-0.0223,0.012102,0.065376,pQTL_cis_NG,T,69358771,35165
rs34436856,2,69131725,C,T,0.11731,0.0236,0.012351,0.056037,pQTL_cis_NG,C,69358857,35165
rs1206656095,2,69131981,T,C,0.00025,0.381,0.271309,0.160228,pQTL_cis_NG,T,69359113,35165
rs777436606,2,69132182,G,A,0.00032,-0.2706,0.241481,0.262464,pQTL_cis_NG,G,69359314,35165
rs13394333,2,69132261,G,A,0.24312,0.0003,0.009735,0.975416,pQTL_cis_NG,G,69359393,35165
rs34761959,2,69132537,C,T,0.24307,0.0002,0.010384,0.984633,pQTL_cis_NG,C,69359669,35165
rs35461269,2,69132680,A,T,0.11731,0.0234,0.012372,0.058572,pQTL_cis_NG,A,69359812,35165
rs771775703,2,69132756,A,G,0.00058,0.0669,0.169559,0.693172,pQTL_cis_NG,A,69359888,35165
rs567296555,2,69132851,A,G,0.00024,-0.0751,0.246674,0.760785,pQTL_cis_NG,A,69359983,35165
rs536249927,2,69132892,T,G,0.00332,0.0223,0.070831,0.752889,pQTL_cis_NG,T,69360024,35165
rs75445182,2,69132908,G,A,0.05806,0.0252,0.017142,0.141541,pQTL_cis_NG,G,69360040,35165
rs754174898,2,69132991,T,C,0.00029,-0.223,0.272661,0.413434,pQTL_cis_NG,T,69360123,35165
rs76338801,2,69133014,A,T,0.05807,0.0252,0.017142,0.141541,pQTL_cis_NG,A,69360146,35165
rs745550759,2,69133116,G,A,0.00019,0.2078,0.264741,0.432502,pQTL_cis_NG,G,69360248,35165
rs542459792,2,69133142,A,G,0.00121,0.1398,0.115732,0.227061,pQTL_cis_NG,A,69360274,35165
rs750708526,2,69133886,C,G,0.00129,0.0014,0.108828,0.989736,pQTL_cis_NG,C,69361018,35165
rs57049724,2,69134008,C,T,0.12574,-0.0223,0.012102,0.065376,pQTL_cis_NG,C,69361140,35165
rs35701323,2,69134171,G,T,0.11731,0.0234,0.012372,0.05857,pQTL_cis_NG,G,69361303,35165
rs756040531,2,69134189,T,G,0.00048,-0.2211,0.17612,0.209337,pQTL_cis_NG,T,69361321,35165
rs11693440,2,69134312,T,C,0.05925,0.0189,0.016792,0.260356,pQTL_cis_NG,T,69361444,35165
rs765264734,2,69134426,C,A,0.00011,-0.1317,0.473447,0.78088,pQTL_cis_NG,C,69361558,35165
rs79244222,2,69134468,T,A,0.05806,0.0252,0.017164,0.142049,pQTL_cis_NG,T,69361600,35165
rs77219569,2,69134489,C,A,0.05806,0.0252,0.017164,0.142049,pQTL_cis_NG,C,69361621,35165
rs10182610,2,69134514,T,A,0.12463,-0.0215,0.012122,0.076132,pQTL_cis_NG,T,69361646,35165
rs771781890,2,69134867,G,A,0.00042,-0.0226,0.197242,0.908778,pQTL_cis_NG,G,69361999,35165
rs774893763,2,69134884,T,C,0.00022,-0.0393,0.236533,0.868039,pQTL_cis_NG,T,69362016,35165
rs746477686,2,69134920,T,C,0.00031,0.2277,0.231041,0.324359,pQTL_cis_NG,T,69362052,35165
rs11903639,2,69135029,T,C,0.11737,0.024,0.012386,0.052658,pQTL_cis_NG,T,69362161,35165
rs73934746,2,69135130,G,C,0.11733,0.0238,0.012351,0.053991,pQTL_cis_NG,G,69362262,35165
rs73934747,2,69135275,A,C,0.11729,0.0238,0.012351,0.05399,pQTL_cis_NG,A,69362407,35165
rs79319851,2,69135299,G,T,0.05807,0.0252,0.017164,0.142049,pQTL_cis_NG,G,69362431,35165
rs12104786,2,69135440,C,T,0.12458,-0.0219,0.012148,0.071426,pQTL_cis_NG,C,69362572,35165
rs763170145,2,69135633,A,G,0.00191,0.1084,0.08921,0.224326,pQTL_cis_NG,A,69362765,35165
rs766552174,2,69135669,T,C,0.00012,0.1492,0.370363,0.68706,pQTL_cis_NG,T,69362801,35165
rs11126219,2,69135679,A,G,0.46074,0.0366,0.007979,4.49e-06,pQTL_cis_NG,A,69362811,35165
rs755135455,2,69135851,C,T,0.00023,0.0285,0.273002,0.916856,pQTL_cis_NG,C,69362983,35165
rs12105936,2,69135901,A,G,0.12458,-0.0219,0.012149,0.071443,pQTL_cis_NG,A,69363033,35165
rs148770177,2,69135923,G,A,0.00495,-0.1781,0.057639,0.002002,pQTL_cis_NG,G,69363055,35165
rs554085919,2,69136133,T,C,0.00017,0.1864,0.264764,0.481419,pQTL_cis_NG,T,69363265,35165
rs76921584,2,69136395,G,A,0.04012,0.0446,0.020432,0.029048,pQTL_cis_NG,G,69363527,35165
rs542906130,2,69136418,T,C,0.0049,0.0844,0.057215,0.140177,pQTL_cis_NG,T,69363550,35165
rs75230926,2,69136438,A,G,0.04011,0.0452,0.020406,0.026754,pQTL_cis_NG,A,69363570,35165
rs189194412,2,69136456,T,G,0.00039,-0.0105,0.182693,0.954168,pQTL_cis_NG,T,69363588,35165
rs76246593,2,69136500,T,A,0.04012,0.0452,0.020406,0.026754,pQTL_cis_NG,T,69363632,35165
rs574712631,2,69136655,C,T,0.00037,-0.0539,0.173579,0.756164,pQTL_cis_NG,C,69363787,35165
rs150925639,2,69136706,G,T,0.00844,0.0437,0.045647,0.338389,pQTL_cis_NG,G,69363838,35165
rs1432301421,2,69136715,A,G,0.00038,-0.0033,0.197162,0.986646,pQTL_cis_NG,A,69363847,35165
rs527522182,2,69136894,G,T,0.0009,0.1657,0.133056,0.213007,pQTL_cis_NG,G,69364026,35165
rs75370758,2,69136962,A,G,0.04012,0.0446,0.020432,0.029048,pQTL_cis_NG,A,69364094,35165
rs74628711,2,69137201,C,T,0.04011,0.0443,0.020418,0.030036,pQTL_cis_NG,C,69364333,35165
rs62134409,2,69137598,T,G,0.04241,-0.0106,0.019853,0.593391,pQTL_cis_NG,T,69364730,35165
rs6705591,2,69137733,G,A,0.22516,0.0023,0.009601,0.810674,pQTL_cis_NG,G,69364865,35165
rs553949299,2,69137810,T,C,0.0012,0.1033,0.120607,0.39172,pQTL_cis_NG,T,69364942,35165
rs761871447,2,69137814,T,G,0.00019,0.0543,0.348201,0.876077,pQTL_cis_NG,T,69364946,35165
rs765217042,2,69138153,C,T,0.0021,-0.0877,0.085886,0.307196,pQTL_cis_NG,C,69365285,35165
rs750362785,2,69138156,T,G,0.00095,0.0942,0.151404,0.533827,pQTL_cis_NG,T,69365288,35165
rs34716040,2,69138319,G,A,0.05924,0.0194,0.016793,0.247994,pQTL_cis_NG,G,69365451,35165
rs7561207,2,69138666,G,A,0.05392,-0.0719,0.017452,3.79e-05,pQTL_cis_NG,G,69365798,35165
rs57383650,2,69138784,G,A,0.04012,0.0446,0.020417,0.028932,pQTL_cis_NG,G,69365916,35165
rs780760656,2,69138871,T,C,0.00073,0.8135,0.145171,2.098e-08,pQTL_cis_NG,T,69366003,35165
rs770312418,2,69139100,C,T,0.00011,-0.9235,0.748563,0.217316,pQTL_cis_NG,C,69366232,35165
rs142109653,2,69139215,T,C,0.00377,0.0671,0.069375,0.333443,pQTL_cis_NG,T,69366347,35165
rs1023686140,2,69139371,A,G,0.00011,0.0647,0.465408,0.889436,pQTL_cis_NG,A,69366503,35165
rs75701311,2,69139786,A,G,0.04009,0.0463,0.020444,0.023528,pQTL_cis_NG,A,69366918,35165
rs144411904,2,69140107,G,A,0.00212,0.0895,0.083189,0.281991,pQTL_cis_NG,G,69367239,35165
rs572644827,2,69140224,G,T,0.00747,-0.2327,0.046005,4.233e-07,pQTL_cis_NG,G,69367356,35165
rs6746128,2,69140352,A,C,0.2251,0.0024,0.009517,0.800907,pQTL_cis_NG,A,69367484,35165
rs114248924,2,69140757,C,T,0.00811,0.0116,0.042916,0.786934,pQTL_cis_NG,C,69367889,35165
rs562968131,2,69140884,A,T,0.00232,0.063,0.08057,0.434258,pQTL_cis_NG,A,69368016,35165
rs142213764,2,69140997,T,G,0.00839,0.0205,0.045734,0.653975,pQTL_cis_NG,T,69368129,35165
rs78257055,2,69141006,A,G,0.0401,0.0454,0.02044,0.026343,pQTL_cis_NG,A,69368138,35165
rs144517039,2,69141027,G,T,0.0065,-0.1928,0.051003,0.0001567,pQTL_cis_NG,G,69368159,35165
rs766207706,2,69141070,G,A,0.0012,0.0058,0.124766,0.962922,pQTL_cis_NG,G,69368202,35165
rs11673753,2,69141115,T,G,0.05922,0.0194,0.016813,0.248555,pQTL_cis_NG,T,69368247,35165
rs751738420,2,69141265,G,T,0.00286,0.1022,0.076486,0.181487,pQTL_cis_NG,G,69368397,35165
rs112730747,2,69141485,T,C,0.00315,0.1447,0.069306,0.036812,pQTL_cis_NG,T,69368617,35165
rs11681129,2,69142088,C,T,0.05923,0.0194,0.01681,0.248468,pQTL_cis_NG,C,69369220,35165
rs572714230,2,69142143,A,C,0.00013,0.0357,0.348521,0.918413,pQTL_cis_NG,A,69369275,35165
rs12994942,2,69142717,A,G,0.05923,0.0193,0.01675,0.249233,pQTL_cis_NG,A,69369849,35165
rs563457710,2,69142822,A,T,0.00807,-0.2989,0.043662,7.609e-12,pQTL_cis_NG,A,69369954,35165
rs115308740,2,69142857,C,A,0.02635,-0.0082,0.025107,0.743965,pQTL_cis_NG,C,69369989,35165
rs559587471,2,69142899,A,G,0.00021,-0.1736,0.271254,0.522178,pQTL_cis_NG,A,69370031,35165
rs746168254,2,69143037,C,A,0.0003,-0.5333,0.231426,0.0212,pQTL_cis_NG,C,69370169,35165
rs188303650,2,69143183,G,A,0.00155,0.0665,0.104994,0.526493,pQTL_cis_NG,G,69370315,35165
rs1490171011,2,69143333,A,G,0.00049,0.1327,0.188368,0.481139,pQTL_cis_NG,A,69370465,35165
rs7579838,2,69143476,G,A,0.05395,-0.0715,0.017436,4.118e-05,pQTL_cis_NG,G,69370608,35165
rs10195019,2,69143528,C,A,0.24279,-0.0001,0.015017,0.994687,pQTL_cis_NG,C,69370660,35165
rs3890788,2,69143575,A,C,0.05805,0.0251,0.017135,0.142966,pQTL_cis_NG,A,69370707,35165
rs3890787,2,69143639,C,T,0.24277,-0.0,0.00817,0.998145,pQTL_cis_NG,C,69370771,35165
rs774227153,2,69143839,T,C,0.00093,-0.4478,0.129661,0.0005531,pQTL_cis_NG,T,69370971,35165
rs4488695,2,69143844,G,A,0.185,-0.0085,0.010233,0.406157,pQTL_cis_NG,G,69370976,35165
rs185426418,2,69144018,C,A,0.00037,-0.1395,0.179072,0.43597,pQTL_cis_NG,C,69371150,35165
rs59829264,2,69144129,C,G,0.12577,-0.0219,0.012107,0.070461,pQTL_cis_NG,C,69371261,35165
rs755750726,2,69144173,T,C,0.0001,0.9728,0.431795,0.024264,pQTL_cis_NG,T,69371305,35165
rs12466875,2,69144412,A,G,0.12577,-0.0219,0.012108,0.070485,pQTL_cis_NG,A,69371544,35165
rs753279564,2,69144423,A,G,0.00042,-0.0226,0.197081,0.908704,pQTL_cis_NG,A,69371555,35165
rs140459394,2,69144733,A,G,0.0007,-0.0145,0.134228,0.913976,pQTL_cis_NG,A,69371865,35165
rs780549071,2,69144948,A,G,0.00046,0.1108,0.219691,0.614019,pQTL_cis_NG,A,69372080,35165
rs151213282,2,69145201,T,C,0.00251,-0.0157,0.079744,0.843922,pQTL_cis_NG,T,69372333,35165
rs367559074,2,69145388,A,G,0.00039,-0.0959,0.21681,0.658256,pQTL_cis_NG,A,69372520,35165
rs116385915,2,69145504,T,C,0.00032,-0.0937,0.230737,0.684677,pQTL_cis_NG,T,69372636,35165
rs188329270,2,69145604,C,T,0.0122,-0.0378,0.037215,0.309769,pQTL_cis_NG,C,69372736,35165
rs180748003,2,69145720,A,T,0.00073,0.0671,0.171903,0.696287,pQTL_cis_NG,A,69372852,35165
rs149964855,2,69145857,A,G,0.00722,-0.0745,0.044828,0.096531,pQTL_cis_NG,A,69372989,35165
rs146782732,2,69146129,T,C,0.00011,-0.457,0.35294,0.195376,pQTL_cis_NG,T,69373261,35165
rs181234584,2,69146160,C,T,0.00268,-0.1249,0.070425,0.076144,pQTL_cis_NG,C,69373292,35165
rs1056371557,2,69146305,A,C,0.00088,0.2205,0.128322,0.085737,pQTL_cis_NG,A,69373437,35165
rs753505810,2,69146454,C,T,0.00237,-0.3122,0.083878,0.0001976,pQTL_cis_NG,C,69373586,35165
rs187156988,2,69146599,A,G,0.00913,0.0946,0.041627,0.023052,pQTL_cis_NG,A,69373731,35165
rs570883705,2,69146682,G,A,0.00016,0.1795,0.418076,0.66767,pQTL_cis_NG,G,69373814,35165
rs183271198,2,69147110,A,G,0.0003,-0.1186,0.264775,0.654205,pQTL_cis_NG,A,69374242,35165
rs769835971,2,69147900,A,T,0.00023,-0.3647,0.240673,0.129688,pQTL_cis_NG,A,69375032,35165
rs187600755,2,69147968,T,C,0.0012,0.9341,0.116079,8.479e-16,pQTL_cis_NG,T,69375100,35165
rs566368891,2,69148101,T,C,0.00147,0.0563,0.106492,0.597028,pQTL_cis_NG,T,69375233,35165
rs557413328,2,69148908,G,A,0.00012,-0.236,0.352958,0.503729,pQTL_cis_NG,G,69376040,35165
rs766941095,2,69149794,C,T,0.00012,-0.3109,0.315792,0.324866,pQTL_cis_NG,C,69376926,35165
rs926119736,2,69149890,A,G,0.00012,0.0628,0.68315,0.926756,pQTL_cis_NG,A,69377022,35165
rs752092546,2,69149909,C,G,0.00105,-0.4234,0.122957,0.0005743,pQTL_cis_NG,C,69377041,35165
rs144206573,2,69150073,G,C,0.0023,-0.1454,0.08229,0.077241,pQTL_cis_NG,G,69377205,35165
rs189149365,2,69150326,C,G,0.00124,0.0737,0.110666,0.505431,pQTL_cis_NG,C,69377458,35165
rs768496774,2,69150787,A,G,0.00073,-0.0145,0.134547,0.914179,pQTL_cis_NG,A,69377919,35165
rs1026424129,2,69150852,G,C,0.00024,-0.0273,0.272374,0.920162,pQTL_cis_NG,G,69377984,35165
rs761372314,2,69151344,C,A,0.00212,0.0543,0.083731,0.51666,pQTL_cis_NG,C,69378476,35165
rs183834192,2,69151842,A,G,0.00124,0.0738,0.110823,0.505459,pQTL_cis_NG,A,69378974,35165
rs79337921,2,69152148,A,G,0.00412,0.0586,0.060969,0.336479,pQTL_cis_NG,A,69379280,35165
rs537432909,2,69152396,A,C,0.00013,-0.2347,0.352873,0.505979,pQTL_cis_NG,A,69379528,35165
rs752182335,2,69152443,C,G,0.00139,0.0539,0.10096,0.593427,pQTL_cis_NG,C,69379575,35165
rs563534962,2,69152736,G,T,0.00156,0.0014,0.100063,0.988837,pQTL_cis_NG,G,69379868,35165
rs552770986,2,69152853,C,T,0.00588,-0.2532,0.05187,1.053e-06,pQTL_cis_NG,C,69379985,35165
rs143386645,2,69152959,T,C,0.00498,0.0507,0.056228,0.367223,pQTL_cis_NG,T,69380091,35165
rs757393515,2,69152997,C,G,0.00097,0.0385,0.135793,0.776778,pQTL_cis_NG,C,69380129,35165
rs778950849,2,69153065,C,T,0.00221,-0.1431,0.083501,0.086576,pQTL_cis_NG,C,69380197,35165
rs183144329,2,69153181,A,G,0.0024,-0.1908,0.079002,0.01573,pQTL_cis_NG,A,69380313,35165
rs544189202,2,69153304,T,C,0.00323,-0.3319,0.075899,1.226e-05,pQTL_cis_NG,T,69380436,35165
rs747924429,2,69153351,G,A,0.00139,-0.0072,0.113754,0.949532,pQTL_cis_NG,G,69380483,35165
rs112608696,2,69153696,C,T,0.01329,-0.2637,0.034502,2.12e-14,pQTL_cis_NG,C,69380828,35165
rs150756207,2,69153742,G,C,0.00043,0.1006,0.20017,0.615265,pQTL_cis_NG,G,69380874,35165
rs149510886,2,69153918,A,T,0.00242,-0.1964,0.078784,0.012671,pQTL_cis_NG,A,69381050,35165
rs114878526,2,69154080,A,G,0.00105,-0.1471,0.121287,0.225197,pQTL_cis_NG,A,69381212,35165
rs189489201,2,69154151,A,G,0.00128,-0.1746,0.113787,0.124919,pQTL_cis_NG,A,69381283,35165
rs148725607,2,69154488,T,G,0.00083,-0.0163,0.123391,0.894905,pQTL_cis_NG,T,69381620,35165
rs765538672,2,69154736,C,A,0.00024,0.0433,0.236591,0.854785,pQTL_cis_NG,C,69381868,35165
rs369662499,2,69154756,A,G,0.00096,-0.172,0.125559,0.170725,pQTL_cis_NG,A,69381888,35165
rs750458352,2,69154871,T,A,0.00151,0.1329,0.100038,0.184013,pQTL_cis_NG,T,69382003,35165
rs947880020,2,69155623,G,A,0.00016,0.166,0.335025,0.620258,pQTL_cis_NG,G,69382755,35165
rs80237861,2,69155647,C,G,0.00619,0.0692,0.052207,0.185004,pQTL_cis_NG,C,69382779,35165
rs756007136,2,69155655,C,T,0.00111,0.0553,0.131338,0.673717,pQTL_cis_NG,C,69382787,35165
rs569144239,2,69155661,A,G,0.00206,-0.1917,0.082358,0.019931,pQTL_cis_NG,A,69382793,35165
rs1384266839,2,69155664,A,G,0.00022,0.3601,0.283002,0.203221,pQTL_cis_NG,A,69382796,35165
rs777700760,2,69155807,T,A,0.0058,0.0866,0.053568,0.105955,pQTL_cis_NG,T,69382939,35165
rs748966579,2,69155991,T,C,0.00055,0.0944,0.145916,0.517667,pQTL_cis_NG,T,69383123,35165
rs11688982,2,69156234,T,C,0.00779,-0.0669,0.045067,0.137684,pQTL_cis_NG,T,69383366,35165
rs187022091,2,69156790,T,C,0.00013,0.3722,0.352946,0.29163,pQTL_cis_NG,T,69383922,35165
rs761071838,2,69156847,C,T,0.00055,0.0945,0.145974,0.51739,pQTL_cis_NG,C,69383979,35165
rs764532551,2,69156889,T,C,0.00058,-0.277,0.18724,0.139037,pQTL_cis_NG,T,69384021,35165
rs765393362,2,69157281,G,C,0.00028,0.0784,0.256678,0.76003,pQTL_cis_NG,G,69384413,35165
rs750621017,2,69157487,G,T,0.0018,0.2018,0.099155,0.041832,pQTL_cis_NG,G,69384619,35165
rs182664996,2,69157913,A,G,0.00405,0.1543,0.06276,0.013949,pQTL_cis_NG,A,69385045,35165
rs753650312,2,69158219,G,C,0.00022,-0.1176,0.394752,0.765773,pQTL_cis_NG,G,69385351,35165
rs544543671,2,69158591,C,T,0.00252,-0.0163,0.07957,0.837688,pQTL_cis_NG,C,69385723,35165
rs78246457,2,69158878,G,A,0.00208,0.0148,0.082123,0.856982,pQTL_cis_NG,G,69386010,35165
rs747552469,2,69159706,G,A,0.00013,-0.0623,0.319433,0.845367,pQTL_cis_NG,G,69386838,35165
rs769112128,2,69159787,G,C,0.00013,-0.4,0.513525,0.436021,pQTL_cis_NG,G,69386919,35165
rs190508406,2,69160130,G,A,0.00138,-0.0827,0.1051,0.431358,pQTL_cis_NG,G,69387262,35165
rs75212790,2,69160131,T,C,0.00293,0.0447,0.070319,0.524989,pQTL_cis_NG,T,69387263,35165
rs751527718,2,69160331,T,C,0.00019,-0.2105,0.25658,0.411985,pQTL_cis_NG,T,69387463,35165
rs80221063,2,69160419,G,C,0.01461,0.031,0.034043,0.362497,pQTL_cis_NG,G,69387551,35165
rs778835911,2,69161252,T,C,0.0002,-0.3555,0.287627,0.216468,pQTL_cis_NG,T,69388384,35165
rs533193159,2,69161618,T,A,0.00486,-0.0159,0.05702,0.78036,pQTL_cis_NG,T,69388750,35165
rs78570134,2,69161765,T,C,0.00297,0.0415,0.069901,0.552715,pQTL_cis_NG,T,69388897,35165
rs779642522,2,69161782,T,G,0.00069,0.2534,0.190557,0.183589,pQTL_cis_NG,T,69388914,35165
rs191966149,2,69161865,C,G,0.00745,-0.1785,0.046326,0.0001166,pQTL_cis_NG,C,69388997,35165
rs770204168,2,69162195,A,G,0.00149,0.0369,0.101648,0.716591,pQTL_cis_NG,A,69389327,35165
rs763241921,2,69162267,G,A,0.00011,0.0044,0.290561,0.987918,pQTL_cis_NG,G,69389399,35165
rs555961603,2,69162900,A,G,0.00574,-0.1559,0.055034,0.004614,pQTL_cis_NG,A,69390032,35165
rs767676961,2,69162977,G,A,0.00024,0.0434,0.236531,0.854417,pQTL_cis_NG,G,69390109,35165
rs540499439,2,69163301,G,C,0.00062,-0.0269,0.15849,0.865225,pQTL_cis_NG,G,69390433,35165
rs758090765,2,69163437,T,C,0.00046,-0.0126,0.153952,0.934771,pQTL_cis_NG,T,69390569,35165
rs187882385,2,69163582,T,C,0.00102,0.1187,0.127396,0.351471,pQTL_cis_NG,T,69390714,35165
rs780669027,2,69163719,G,A,0.00107,-0.2086,0.112985,0.064855,pQTL_cis_NG,G,69390851,35165
rs190216226,2,69163765,T,G,0.00433,0.0663,0.05709,0.245513,pQTL_cis_NG,T,69390897,35165
rs756548068,2,69164091,C,T,0.00069,0.0149,0.163344,0.927319,pQTL_cis_NG,C,69391223,35165
rs555228776,2,69164177,A,G,0.00162,0.1182,0.096164,0.219014,pQTL_cis_NG,A,69391309,35165
rs553580034,2,69164186,A,G,0.00308,0.0734,0.069836,0.29324,pQTL_cis_NG,A,69391318,35165
rs774480176,2,69164267,G,A,0.00348,0.1643,0.072549,0.023533,pQTL_cis_NG,G,69391399,35165
rs775641050,2,69164556,T,C,0.00104,-0.2266,0.126975,0.074326,pQTL_cis_NG,T,69391688,35165
rs77045882,2,69164706,C,T,0.00297,0.0415,0.069901,0.552715,pQTL_cis_NG,C,69391838,35165
rs191319560,2,69165210,A,G,0.00476,0.045,0.057636,0.434945,pQTL_cis_NG,A,69392342,35165
rs181289425,2,69165393,C,G,0.00369,0.0776,0.069198,0.262106,pQTL_cis_NG,C,69392525,35165
rs749775120,2,69165412,A,G,0.0002,0.1071,0.216255,0.620425,pQTL_cis_NG,A,69392544,35165
rs576631550,2,69165670,T,C,0.00222,0.0903,0.08259,0.274237,pQTL_cis_NG,T,69392802,35165
rs149012409,2,69165818,A,G,0.00699,0.0329,0.046825,0.482294,pQTL_cis_NG,A,69392950,35165
rs762933086,2,69166288,T,C,0.00051,-0.1059,0.173514,0.541647,pQTL_cis_NG,T,69393420,35165
rs571539040,2,69167061,T,G,0.00106,-0.2149,0.110992,0.052847,pQTL_cis_NG,T,69394193,35165
rs563579010,2,69167121,T,A,0.00038,0.0689,0.236084,0.770405,pQTL_cis_NG,T,69394253,35165
rs760146386,2,69167209,C,A,0.00164,-0.0661,0.100207,0.509488,pQTL_cis_NG,C,69394341,35165
rs554491056,2,69167305,C,T,0.00142,0.0318,0.111507,0.775503,pQTL_cis_NG,C,69394437,35165
rs556297162,2,69167647,T,C,0.00013,-0.0024,0.262999,0.992719,pQTL_cis_NG,T,69394779,35165
rs750763411,2,69167790,T,C,0.00021,-0.3677,0.273359,0.178588,pQTL_cis_NG,T,69394922,35165
rs573955132,2,69167964,T,G,0.00683,0.1567,0.050503,0.001917,pQTL_cis_NG,T,69395096,35165
rs187815234,2,69167987,A,T,0.00079,0.168,0.140062,0.230346,pQTL_cis_NG,A,69395119,35165
rs13429673,2,69168057,C,A,0.00298,0.0415,0.069901,0.552714,pQTL_cis_NG,C,69395189,35165
rs546801809,2,69168268,G,T,0.00138,-0.0827,0.1051,0.431358,pQTL_cis_NG,G,69395400,35165
rs529966976,2,69168435,T,C,0.00501,0.0931,0.058029,0.108633,pQTL_cis_NG,T,69395567,35165
rs188406612,2,69168488,T,C,0.00011,0.3633,0.611208,0.552247,pQTL_cis_NG,T,69395620,35165
rs759376226,2,69168520,A,G,0.00121,-0.036,0.121217,0.766475,pQTL_cis_NG,A,69395652,35165
rs771827090,2,69168670,G,A,0.00515,0.0695,0.056304,0.217062,pQTL_cis_NG,G,69395802,35165
rs760364151,2,69168866,T,G,0.00488,0.0929,0.057792,0.107948,pQTL_cis_NG,T,69395998,35165
rs780551009,2,69169910,G,T,0.00032,-0.1405,0.236705,0.552802,pQTL_cis_NG,G,69397042,35165
rs755162227,2,69170195,A,G,0.00011,-0.8559,0.387317,0.027118,pQTL_cis_NG,A,69397327,35165
rs781163202,2,69170415,C,T,0.00077,-0.2806,0.151324,0.063697,pQTL_cis_NG,C,69397547,35165
rs748210714,2,69170512,C,T,0.00098,0.0874,0.117358,0.456436,pQTL_cis_NG,C,69397644,35165
rs143178285,2,69170604,C,T,0.002,0.0336,0.086335,0.697143,pQTL_cis_NG,C,69397736,35165
rs778865406,2,69170883,A,G,0.00252,0.1824,0.079478,0.021735,pQTL_cis_NG,A,69398015,35165
rs771915134,2,69171192,C,A,0.00039,0.0893,0.24972,0.720642,pQTL_cis_NG,C,69398324,35165
rs190865436,2,69172018,C,T,0.00895,0.162,0.041532,9.597e-05,pQTL_cis_NG,C,69399150,35165
rs773118731,2,69172199,T,C,0.00023,0.3913,0.264736,0.139387,pQTL_cis_NG,T,69399331,35165
rs112221008,2,69172588,G,A,0.00293,0.0437,0.070137,0.533242,pQTL_cis_NG,G,69399720,35165
rs528198050,2,69172926,T,C,0.00166,-0.0353,0.092753,0.703514,pQTL_cis_NG,T,69400058,35165
rs373913146,2,69173429,G,A,0.00088,0.0666,0.162794,0.682461,pQTL_cis_NG,G,69400561,35165
rs755179372,2,69173550,T,G,0.00441,-0.0261,0.058987,0.658151,pQTL_cis_NG,T,69400682,35165
rs767829594,2,69173863,C,T,0.00061,0.0864,0.165122,0.600801,pQTL_cis_NG,C,69400995,35165
rs752832680,2,69174003,T,C,0.00058,-0.1938,0.146915,0.187127,pQTL_cis_NG,T,69401135,35165
rs746867919,2,69175010,C,G,0.00027,0.292,0.248692,0.240338,pQTL_cis_NG,C,69402142,35165
rs776411299,2,69175214,A,C,0.00028,-0.3058,0.231039,0.185641,pQTL_cis_NG,A,69402346,35165
rs747743086,2,69175221,A,G,0.00178,-0.0841,0.090666,0.353624,pQTL_cis_NG,A,69402353,35165
rs773632336,2,69175223,A,G,0.00017,-0.7029,0.374298,0.060393,pQTL_cis_NG,A,69402355,35165
rs772779843,2,69175447,A,G,0.00036,-0.3908,0.203808,0.055176,pQTL_cis_NG,A,69402579,35165
rs576732341,2,69175695,C,G,0.00067,-0.4627,0.137163,0.0007426,pQTL_cis_NG,C,69402827,35165
rs766945293,2,69175953,C,G,0.00082,0.0779,0.13888,0.574856,pQTL_cis_NG,C,69403085,35165
rs761050457,2,69176083,A,C,0.00045,0.1525,0.191383,0.425549,pQTL_cis_NG,A,69403215,35165
rs759985894,2,69176126,C,G,0.00046,-0.1695,0.211238,0.422314,pQTL_cis_NG,C,69403258,35165
rs139138736,2,69176150,A,G,0.00073,0.2447,0.181888,0.178517,pQTL_cis_NG,A,69403282,35165
rs190858719,2,69176669,C,T,0.00132,-0.1337,0.101024,0.185685,pQTL_cis_NG,C,69403801,35165
rs753862168,2,69176791,A,C,0.00029,-0.1186,0.24284,0.625275,pQTL_cis_NG,A,69403923,35165
rs190406354,2,69176840,T,C,0.00058,-0.0779,0.165416,0.637688,pQTL_cis_NG,T,69403972,35165
rs780076256,2,69176945,T,C,0.00027,-0.3265,0.242789,0.178693,pQTL_cis_NG,T,69404077,35165
rs143139415,2,69176952,C,A,0.00813,0.069,0.043941,0.116349,pQTL_cis_NG,C,69404084,35165
rs780792655,2,69177397,T,G,0.00209,-0.1289,0.082513,0.118247,pQTL_cis_NG,T,69404529,35165
rs563843061,2,69177949,T,C,0.01001,0.0844,0.040834,0.038745,pQTL_cis_NG,T,69405081,35165
rs532870702,2,69177962,T,C,0.00192,-0.0088,0.090774,0.922771,pQTL_cis_NG,T,69405094,35165
rs770534791,2,69178183,T,C,0.00015,-0.0467,0.374692,0.900812,pQTL_cis_NG,T,69405315,35165
rs115780354,2,69178325,T,C,0.00119,-0.0554,0.114488,0.628462,pQTL_cis_NG,T,69405457,35165
rs759951851,2,69178649,A,G,0.00058,-0.2356,0.154287,0.126756,pQTL_cis_NG,A,69405781,35165
rs772504242,2,69178766,G,C,0.00019,0.0795,0.239318,0.739743,pQTL_cis_NG,G,69405898,35165
rs775652773,2,69178788,G,A,0.00033,0.4732,0.249567,0.057949,pQTL_cis_NG,G,69405920,35165
rs142238764,2,69179077,A,C,0.00814,0.0143,0.043007,0.739511,pQTL_cis_NG,A,69406209,35165
rs188128445,2,69179118,T,A,0.00187,-0.1285,0.096686,0.183833,pQTL_cis_NG,T,69406250,35165
rs576630283,2,69179274,T,C,0.00044,-0.327,0.181645,0.071827,pQTL_cis_NG,T,69406406,35165
rs761943544,2,69179399,C,T,0.00154,-0.2352,0.109437,0.03162,pQTL_cis_NG,C,69406531,35165
rs754804035,2,69179896,T,C,0.00072,0.1978,0.140192,0.158269,pQTL_cis_NG,T,69407028,35165
rs78447616,2,69180988,A,G,0.00297,0.0415,0.069868,0.552525,pQTL_cis_NG,A,69408120,35165
rs373912390,2,69181943,T,C,0.00702,-0.15,0.048007,0.001781,pQTL_cis_NG,T,69409075,35165
rs775950199,2,69182014,T,A,0.00018,-0.035,0.334406,0.916643,pQTL_cis_NG,T,69409146,35165
rs148917987,2,69182127,A,G,0.00333,0.1913,0.072106,0.007977,pQTL_cis_NG,A,69409259,35165
rs145079069,2,69182400,C,T,0.00259,0.183,0.078894,0.020364,pQTL_cis_NG,C,69409532,35165
rs765361538,2,69182497,A,G,0.00026,-0.1051,0.184627,0.569183,pQTL_cis_NG,A,69409629,35165
rs750429269,2,69182964,A,G,0.00172,0.1248,0.092434,0.176969,pQTL_cis_NG,A,69410096,35165
rs759538861,2,69182972,C,T,0.00078,0.1256,0.152915,0.411436,pQTL_cis_NG,C,69410104,35165
rs10170439,2,69183251,G,C,0.0001,0.2424,0.473403,0.608625,pQTL_cis_NG,G,69410383,35165
rs756042701,2,69183273,A,G,0.00324,-0.2236,0.071832,0.001853,pQTL_cis_NG,A,69410405,35165
rs756794869,2,69183542,T,C,0.00441,0.0627,0.06177,0.310082,pQTL_cis_NG,T,69410674,35165
rs555356778,2,69183563,G,A,0.0035,0.0545,0.064592,0.398803,pQTL_cis_NG,G,69410695,35165
rs10183189,2,69183611,C,T,0.49399,0.0392,0.007983,9.081e-07,pQTL_cis_NG,C,69410743,35165
rs185446703,2,69183667,A,G,0.00501,0.0931,0.058018,0.108564,pQTL_cis_NG,A,69410799,35165
rs771576592,2,69183927,C,T,0.00321,-0.0526,0.066935,0.431961,pQTL_cis_NG,C,69411059,35165
rs78283155,2,69183968,C,T,0.00298,0.0415,0.069874,0.552561,pQTL_cis_NG,C,69411100,35165
rs74436129,2,69184016,C,G,0.00146,-0.0798,0.103221,0.439465,pQTL_cis_NG,C,69411148,35165
rs769018412,2,69184086,T,C,0.00072,0.2237,0.184678,0.225781,pQTL_cis_NG,T,69411218,35165
rs184756912,2,69184129,A,G,0.0002,-0.086,0.272792,0.752565,pQTL_cis_NG,A,69411261,35165
rs559647502,2,69184252,T,A,0.00434,-0.2686,0.062074,1.511e-05,pQTL_cis_NG,T,69411384,35165
rs773462477,2,69184435,A,G,0.00408,0.1277,0.065815,0.052345,pQTL_cis_NG,A,69411567,35165
rs372156467,2,69184621,A,G,0.00049,-0.0219,0.189978,0.908226,pQTL_cis_NG,A,69411753,35165
rs77519581,2,69184641,T,G,0.00298,0.0415,0.069827,0.552294,pQTL_cis_NG,T,69411773,35165
rs74263546,2,69184847,C,A,0.00298,0.0415,0.069827,0.552294,pQTL_cis_NG,C,69411979,35165
rs76739355,2,69185266,T,C,0.00298,0.0415,0.069874,0.552561,pQTL_cis_NG,T,69412398,35165
rs113910319,2,69185382,G,A,0.00274,0.0446,0.071336,0.531833,pQTL_cis_NG,G,69412514,35165
rs557746681,2,69185858,C,T,0.00258,-0.1687,0.0777,0.029919,pQTL_cis_NG,C,69412990,35165
rs79345707,2,69185860,A,G,0.00297,0.0415,0.069873,0.552554,pQTL_cis_NG,A,69412992,35165
rs149151465,2,69186040,G,C,0.00538,0.0841,0.056978,0.13994,pQTL_cis_NG,G,69413172,35165
rs373322809,2,69186109,T,C,0.00022,-0.0375,0.273746,0.89104,pQTL_cis_NG,T,69413241,35165
rs13424685,2,69186280,C,A,0.003,0.0443,0.069694,0.525011,pQTL_cis_NG,C,69413412,35165
rs73934780,2,69186369,A,C,0.003,0.0443,0.069694,0.525011,pQTL_cis_NG,A,69413501,35165
rs76779784,2,69186510,C,T,0.00297,0.0415,0.069873,0.552555,pQTL_cis_NG,C,69413642,35165
rs140646783,2,69186546,A,G,0.00077,-0.0762,0.162093,0.638283,pQTL_cis_NG,A,69413678,35165
rs148147442,2,69186780,G,A,0.00046,0.06,0.196711,0.760354,pQTL_cis_NG,G,69413912,35165
rs368266008,2,69186905,A,G,0.00097,0.0941,0.151335,0.534074,pQTL_cis_NG,A,69414037,35165
rs11889830,2,69186981,C,T,0.00301,0.0443,0.069703,0.525065,pQTL_cis_NG,C,69414113,35165
rs754461809,2,69187236,C,T,0.00441,0.0918,0.059134,0.120565,pQTL_cis_NG,C,69414368,35165
rs557050910,2,69187265,T,C,0.00011,-0.0376,0.348406,0.914059,pQTL_cis_NG,T,69414397,35165
rs756494872,2,69187516,A,G,0.00063,-0.2134,0.173011,0.217409,pQTL_cis_NG,A,69414648,35165
rs185003003,2,69187879,A,G,0.0007,-0.2823,0.136245,0.038265,pQTL_cis_NG,A,69415011,35165
rs779160964,2,69188024,C,T,0.00022,-0.2878,0.207993,0.16645,pQTL_cis_NG,C,69415156,35165
rs76098802,2,69188384,T,C,0.00114,0.0412,0.130338,0.751925,pQTL_cis_NG,T,69415516,35165
rs151223599,2,69188391,A,G,0.00186,0.1623,0.083477,0.051866,pQTL_cis_NG,A,69415523,35165
rs1290974753,2,69188861,G,C,0.00016,-0.1758,0.352664,0.618138,pQTL_cis_NG,G,69415993,35165
rs769477202,2,69189126,C,T,0.00441,0.0845,0.06032,0.161252,pQTL_cis_NG,C,69416258,35165
rs145339276,2,69189269,T,C,0.01471,-0.1102,0.034231,0.001285,pQTL_cis_NG,T,69416401,35165
rs13030524,2,69189456,C,T,0.00731,0.0773,0.046735,0.098128,pQTL_cis_NG,C,69416588,35165
rs560374965,2,69189700,T,A,0.00106,-0.2149,0.111006,0.052877,pQTL_cis_NG,T,69416832,35165
rs767001751,2,69189704,A,G,0.0009,0.1987,0.125465,0.11326,pQTL_cis_NG,A,69416836,35165
rs115699141,2,69189763,A,C,0.00491,0.0864,0.057179,0.130774,pQTL_cis_NG,A,69416895,35165
rs78875273,2,69189812,T,G,0.00299,0.0415,0.069898,0.552698,pQTL_cis_NG,T,69416944,35165
rs78721550,2,69189880,C,G,0.00302,0.0375,0.069711,0.59062,pQTL_cis_NG,C,69417012,35165
rs754184517,2,69190073,T,G,0.00025,0.2447,0.236752,0.301336,pQTL_cis_NG,T,69417205,35165
rs757678587,2,69190076,G,A,0.00074,0.0099,0.137141,0.942452,pQTL_cis_NG,G,69417208,35165
rs531657210,2,69190176,A,G,0.00021,-0.1985,0.249596,0.426447,pQTL_cis_NG,A,69417308,35165
rs183333643,2,69190428,C,T,0.00369,0.0777,0.069277,0.26204,pQTL_cis_NG,C,69417560,35165
rs567250301,2,69191030,G,A,0.00042,-0.0521,0.212008,0.805879,pQTL_cis_NG,G,69418162,35165
rs77654160,2,69191065,A,G,0.003,0.0485,0.069501,0.485284,pQTL_cis_NG,A,69418197,35165
rs76579698,2,69191110,A,G,0.003,0.0485,0.069501,0.485284,pQTL_cis_NG,A,69418242,35165
rs35593474,2,69191174,C,T,0.00716,0.0757,0.047089,0.107927,pQTL_cis_NG,C,69418306,35165
rs114181049,2,69191907,C,T,0.00783,0.0706,0.045681,0.122226,pQTL_cis_NG,C,69419039,35165
rs28643279,2,69192129,C,T,0.00302,0.0485,0.069503,0.485298,pQTL_cis_NG,C,69419261,35165
rs28584536,2,69192193,C,G,0.00299,0.0415,0.069897,0.552695,pQTL_cis_NG,C,69419325,35165
rs6744129,2,69192839,G,A,0.00302,0.0485,0.069503,0.485298,pQTL_cis_NG,G,69419971,35165
rs375458130,2,69193307,A,T,0.00024,0.149,0.231388,0.519614,pQTL_cis_NG,A,69420439,35165
rs747160791,2,69193919,T,C,0.00016,0.1671,0.334901,0.617812,pQTL_cis_NG,T,69421051,35165
rs146781828,2,69194407,T,C,0.00029,-0.0859,0.206841,0.677926,pQTL_cis_NG,T,69421539,35165
rs777833098,2,69194567,G,A,0.00421,-0.0533,0.061157,0.383467,pQTL_cis_NG,G,69421699,35165
rs182651133,2,69194581,T,C,0.00095,-0.0974,0.118098,0.409518,pQTL_cis_NG,T,69421713,35165
rs770727401,2,69194610,C,T,0.00063,0.0113,0.140849,0.936056,pQTL_cis_NG,C,69421742,35165
rs560027576,2,69194807,T,C,0.00411,0.1311,0.065673,0.045906,pQTL_cis_NG,T,69421939,35165
rs57780614,2,69194845,C,T,0.00302,0.0485,0.069503,0.485298,pQTL_cis_NG,C,69421977,35165
rs553897341,2,69194896,A,G,0.00314,-0.1599,0.070594,0.023508,pQTL_cis_NG,A,69422028,35165
rs945047814,2,69194945,A,G,0.00011,-0.0376,0.348438,0.914067,pQTL_cis_NG,A,69422077,35165
rs74263548,2,69195799,T,G,0.00298,0.0415,0.069908,0.552754,pQTL_cis_NG,T,69422931,35165
rs187666400,2,69196283,G,A,0.00262,0.0446,0.074099,0.547242,pQTL_cis_NG,G,69423415,35165
rs758666303,2,69196665,G,A,0.00046,0.232,0.201205,0.248888,pQTL_cis_NG,G,69423797,35165
rs148224425,2,69196780,T,C,0.00313,0.1604,0.07296,0.027915,pQTL_cis_NG,T,69423912,35165
rs529636637,2,69196870,G,C,0.00204,0.1027,0.08329,0.217563,pQTL_cis_NG,G,69424002,35165
rs192107563,2,69196966,A,G,0.00261,0.0835,0.07556,0.269122,pQTL_cis_NG,A,69424098,35165
rs184172245,2,69196995,A,G,0.00016,0.0968,0.271769,0.721702,pQTL_cis_NG,A,69424127,35165
rs560024615,2,69197068,T,C,0.00014,-0.4633,0.334824,0.166447,pQTL_cis_NG,T,69424200,35165
rs757148664,2,69197139,C,T,0.0004,0.3643,0.186735,0.05107,pQTL_cis_NG,C,69424271,35165
rs778705578,2,69197158,A,G,0.00146,0.1233,0.103929,0.23547,pQTL_cis_NG,A,69424290,35165
rs188872739,2,69197180,C,A,0.00011,0.3633,0.611259,0.55228,pQTL_cis_NG,C,69424312,35165
rs184391727,2,69197567,G,A,0.00122,0.1008,0.109677,0.358061,pQTL_cis_NG,G,69424699,35165
rs771737564,2,69197735,A,G,0.00058,-0.2356,0.154269,0.12671,pQTL_cis_NG,A,69424867,35165
rs191871481,2,69198096,C,T,0.00239,-0.1907,0.079007,0.015791,pQTL_cis_NG,C,69425228,35165
rs746580772,2,69198104,C,A,0.00068,0.0417,0.150822,0.782175,pQTL_cis_NG,C,69425236,35165
rs73934792,2,69198182,G,A,0.00297,0.0339,0.069961,0.627994,pQTL_cis_NG,G,69425314,35165
rs748843822,2,69198187,C,T,0.00024,0.0265,0.231119,0.908715,pQTL_cis_NG,C,69425319,35165
rs776238238,2,69198285,T,C,0.00058,-0.1938,0.146878,0.187014,pQTL_cis_NG,T,69425417,35165
rs149985108,2,69198343,A,G,0.00698,-0.0112,0.04792,0.8152,pQTL_cis_NG,A,69425475,35165
rs72903106,2,69198484,G,A,0.00297,0.0339,0.069961,0.627994,pQTL_cis_NG,G,69425616,35165
rs1349533350,2,69198648,C,T,0.00012,-0.0675,0.374043,0.856791,pQTL_cis_NG,C,69425780,35165
rs76539729,2,69198747,T,C,0.00297,0.0339,0.069961,0.627994,pQTL_cis_NG,T,69425879,35165
rs74850832,2,69198752,A,C,0.00297,0.0339,0.069961,0.627994,pQTL_cis_NG,A,69425884,35165
rs79781710,2,69198755,T,C,0.00297,0.0339,0.069961,0.627994,pQTL_cis_NG,T,69425887,35165
rs74962513,2,69198756,C,G,0.00297,0.0339,0.069961,0.627994,pQTL_cis_NG,C,69425888,35165
rs73934794,2,69199060,G,T,0.00297,0.0339,0.069961,0.627994,pQTL_cis_NG,G,69426192,35165
rs73934796,2,69199062,T,C,0.00297,0.0339,0.069961,0.627994,pQTL_cis_NG,T,69426194,35165
rs182221889,2,69199446,T,C,0.00607,0.0606,0.050774,0.232661,pQTL_cis_NG,T,69426578,35165
rs6546488,2,69199579,T,A,0.00297,0.0339,0.069961,0.627993,pQTL_cis_NG,T,69426711,35165
rs114892240,2,69199660,T,C,0.001,0.0217,0.132874,0.870272,pQTL_cis_NG,T,69426792,35165
rs758276368,2,69199942,A,T,0.00065,0.1499,0.145019,0.301295,pQTL_cis_NG,A,69427074,35165
rs779644321,2,69200244,A,G,0.00044,-0.0581,0.171933,0.735421,pQTL_cis_NG,A,69427376,35165
rs768142312,2,69200820,T,C,0.00104,-0.1267,0.133304,0.34188,pQTL_cis_NG,T,69427952,35165
rs769422567,2,69201573,G,A,0.00074,0.3922,0.157085,0.012534,pQTL_cis_NG,G,69428705,35165
rs75058623,2,69201726,T,A,0.00297,0.0339,0.069956,0.627969,pQTL_cis_NG,T,69428858,35165
rs559005266,2,69201741,A,C,0.00197,-0.0319,0.095137,0.737393,pQTL_cis_NG,A,69428873,35165
rs572187188,2,69201808,T,C,0.00012,0.641,0.351755,0.068411,pQTL_cis_NG,T,69428940,35165
rs774540321,2,69201963,A,G,0.00054,-0.0464,0.194881,0.811808,pQTL_cis_NG,A,69429095,35165
rs574414424,2,69202001,T,C,0.00021,0.4431,0.242935,0.06816,pQTL_cis_NG,T,69429133,35165
rs76953470,2,69202169,C,T,0.00297,0.0339,0.069956,0.627969,pQTL_cis_NG,C,69429301,35165
rs77355494,2,69202412,G,A,0.00297,0.0339,0.069956,0.627969,pQTL_cis_NG,G,69429544,35165
rs76407297,2,69202855,C,A,0.00297,0.0339,0.069981,0.628089,pQTL_cis_NG,C,69429987,35165
rs751357875,2,69202984,G,A,0.00023,-0.0375,0.273415,0.890909,pQTL_cis_NG,G,69430116,35165
rs561429734,2,69203177,A,G,0.00067,-0.2872,0.157687,0.068557,pQTL_cis_NG,A,69430309,35165
rs747788687,2,69203213,G,A,0.00036,-0.1753,0.246498,0.476984,pQTL_cis_NG,G,69430345,35165
rs185202727,2,69203674,G,A,0.00217,-0.1481,0.087957,0.092226,pQTL_cis_NG,G,69430806,35165
rs184866790,2,69204003,T,G,0.00191,0.0444,0.093054,0.63326,pQTL_cis_NG,T,69431135,35165
rs576457463,2,69204342,A,G,0.00314,-0.1019,0.07099,0.151167,pQTL_cis_NG,A,69431474,35165
rs181107742,2,69204938,A,C,0.00902,-0.005,0.044113,0.909756,pQTL_cis_NG,A,69432070,35165
rs139709999,2,69205492,T,C,0.00339,-0.1178,0.062685,0.060214,pQTL_cis_NG,T,69432624,35165
rs751508794,2,69205945,G,C,0.00048,-0.255,0.183698,0.165092,pQTL_cis_NG,G,69433077,35165
rs532647703,2,69206059,A,G,0.00022,-0.4759,0.220779,0.031119,pQTL_cis_NG,A,69433191,35165
rs767362211,2,69206210,A,G,0.01,0.0815,0.040847,0.046013,pQTL_cis_NG,A,69433342,35165
rs74702857,2,69206345,C,T,0.00297,0.0339,0.069953,0.627953,pQTL_cis_NG,C,69433477,35165
rs186489569,2,69206348,C,T,0.00019,0.1361,0.319153,0.669786,pQTL_cis_NG,C,69433480,35165
rs536839887,2,69206975,T,C,0.00064,0.2347,0.149537,0.11653,pQTL_cis_NG,T,69434107,35165
rs751853540,2,69207409,T,C,0.00024,0.9047,0.230507,8.679e-05,pQTL_cis_NG,T,69434541,35165
rs922211190,2,69207785,T,C,0.00023,-0.7147,0.432229,0.098225,pQTL_cis_NG,T,69434917,35165
rs776893584,2,69207865,C,T,0.00287,0.1036,0.076863,0.177703,pQTL_cis_NG,C,69434997,35165
rs111300119,2,69208219,A,C,0.01369,-0.2699,0.033963,1.914e-15,pQTL_cis_NG,A,69435351,35165
rs73937204,2,69208369,T,C,0.00297,0.0339,0.069998,0.628175,pQTL_cis_NG,T,69435501,35165
rs375647857,2,69208418,T,C,0.00027,0.0109,0.279214,0.96886,pQTL_cis_NG,T,69435550,35165
rs752499351,2,69208595,G,A,0.00039,-0.1455,0.207627,0.483442,pQTL_cis_NG,G,69435727,35165
rs73937205,2,69208655,A,G,0.00297,0.0339,0.069998,0.628175,pQTL_cis_NG,A,69435787,35165
rs753513798,2,69208988,A,G,0.00013,-0.3355,0.392293,0.392425,pQTL_cis_NG,A,69436120,35165
rs73937207,2,69209253,A,T,0.00297,0.0339,0.069998,0.628175,pQTL_cis_NG,A,69436385,35165
rs1374525866,2,69209427,T,C,0.0002,-0.4102,0.308891,0.184186,pQTL_cis_NG,T,69436559,35165
rs80338477,2,69209659,G,A,0.00297,0.0339,0.069998,0.628175,pQTL_cis_NG,G,69436791,35165
rs58985561,2,69209882,C,G,0.00151,-0.3844,0.100751,0.000136,pQTL_cis_NG,C,69437014,35165
rs77107271,2,69209905,T,C,0.00297,0.0339,0.069998,0.628175,pQTL_cis_NG,T,69437037,35165
rs76269137,2,69210260,G,A,0.00297,0.0339,0.069985,0.628109,pQTL_cis_NG,G,69437392,35165
rs59908958,2,69210289,G,A,0.00024,0.149,0.231423,0.519677,pQTL_cis_NG,G,69437421,35165
rs75971458,2,69210323,C,T,0.00297,0.0339,0.069985,0.628109,pQTL_cis_NG,C,69437455,35165
rs772175988,2,69210368,C,T,0.00047,-0.0366,0.177829,0.836935,pQTL_cis_NG,C,69437500,35165
rs79367220,2,69210449,T,C,0.00297,0.0339,0.069985,0.628109,pQTL_cis_NG,T,69437581,35165
rs76353654,2,69210561,T,C,0.00297,0.0339,0.069985,0.628109,pQTL_cis_NG,T,69437693,35165
rs561721016,2,69210638,A,G,0.00106,0.1346,0.128132,0.293498,pQTL_cis_NG,A,69437770,35165
rs80132594,2,69210722,A,G,0.00297,0.0339,0.069985,0.628109,pQTL_cis_NG,A,69437854,35165
rs550636622,2,69210765,A,G,0.00208,-0.0282,0.08991,0.75379,pQTL_cis_NG,A,69437897,35165
rs76537471,2,69210793,G,A,0.00297,0.0339,0.069985,0.628109,pQTL_cis_NG,G,69437925,35165
rs79718261,2,69211154,G,A,0.00297,0.0339,0.069985,0.628109,pQTL_cis_NG,G,69438286,35165
rs76160861,2,69211164,G,A,0.00297,0.0339,0.069985,0.628109,pQTL_cis_NG,G,69438296,35165
rs74772470,2,69211376,G,C,0.00297,0.0339,0.069985,0.628109,pQTL_cis_NG,G,69438508,35165
rs78372441,2,69211402,G,A,0.00297,0.0339,0.069985,0.628109,pQTL_cis_NG,G,69438534,35165
rs75586814,2,69211411,G,A,0.00297,0.0339,0.069985,0.628109,pQTL_cis_NG,G,69438543,35165
rs115349006,2,69211441,C,T,0.00259,0.0502,0.0749,0.502712,pQTL_cis_NG,C,69438573,35165
rs77504201,2,69211668,T,C,0.00298,0.0339,0.069988,0.628122,pQTL_cis_NG,T,69438800,35165
rs775632706,2,69212086,C,T,0.00011,0.3881,0.319291,0.224174,pQTL_cis_NG,C,69439218,35165
rs74349656,2,69212247,T,G,0.00296,0.0339,0.069985,0.628109,pQTL_cis_NG,T,69439379,35165
rs79500836,2,69212395,C,T,0.00296,0.0339,0.069985,0.628109,pQTL_cis_NG,C,69439527,35165
rs750065885,2,69212580,G,A,0.00035,0.1259,0.241371,0.601946,pQTL_cis_NG,G,69439712,35165
rs549277161,2,69212631,T,C,0.00369,-0.0185,0.063273,0.769993,pQTL_cis_NG,T,69439763,35165
rs765810796,2,69212778,C,A,0.00154,0.0755,0.107371,0.48195,pQTL_cis_NG,C,69439910,35165
rs756411048,2,69213275,A,C,0.00078,-0.2268,0.128491,0.077546,pQTL_cis_NG,A,69440407,35165
rs77794997,2,69213475,G,A,0.00298,0.0339,0.069988,0.628122,pQTL_cis_NG,G,69440607,35165
rs75803905,2,69213654,A,G,0.00252,0.0798,0.079953,0.318236,pQTL_cis_NG,A,69440786,35165
rs140301443,2,69213843,G,A,0.0006,0.1629,0.161892,0.314307,pQTL_cis_NG,G,69440975,35165
rs74405948,2,69214057,A,G,0.00297,0.0339,0.069987,0.628117,pQTL_cis_NG,A,69441189,35165
rs185875073,2,69214356,C,T,0.00176,0.0716,0.098954,0.469331,pQTL_cis_NG,C,69441488,35165
rs77135793,2,69214399,G,C,0.00297,0.0339,0.069987,0.628117,pQTL_cis_NG,G,69441531,35165
rs74607137,2,69214801,C,T,0.00297,0.0339,0.069987,0.628117,pQTL_cis_NG,C,69441933,35165
rs77290328,2,69214939,C,G,0.00297,0.0339,0.069987,0.628117,pQTL_cis_NG,C,69442071,35165
rs187291763,2,69214947,T,C,0.00013,0.3722,0.352945,0.291629,pQTL_cis_NG,T,69442079,35165
rs62134413,2,69150679,G,A,0.364411,0.0174406,0.0171258,0.308531,PMID35501419,G,69377811,7213
